FobId,FobName,RobId,NameOfOfficeIncharge,Mobile,F6,F7,F8
48,FOB-TIRUNELVELI,9,"SMT.JUNIE JACOB,FPO",9.99532e+009,,,
47,FOB-VELLORE,9,"S. MURALI ,FPO",9.96257e+009,,,
46,FOB-COIMBATORE,9,"SMT.KAREENA B. THENGAMAM, AD",9.48871e+009,,,
139,FOB-REWA,22,"M.K. MANDAL, FPA",9.68212e+009,,,
45,FOB-TIRUCHIRAPALLI,9,"DEVI PADMANABHAN,FPO",9.44369e+009,,,
138,FOB-SHAHDOL,22,"H.K. MARAKWADE, FPA",9.97744e+009,,,
44,FOB-MADHURAI,9,"P.VELMUUGAN,FPA",9.24533e+009,,,
137,FOB-MANDLA,22,"AJAY SINGH BAIS, FPA",9.11315e+009,,,
147,FOB-GULBARGA,24,,,,,
136,FOB-JHABUA,22,"C.D. BHURIA, FPA",7.56709e+009,,,
121,FOB-ALONG,20,"SHRI MAIBAM BASAR, FPA",8.79456e+009,,,
31,FOB-SHIVAMOGGA,7,"G. THUKARAM GOWDA,FPO",9.4482e+009,,,
120,FOB-TAWANG,20,"SHRI PREM TSERING, FPA",9.863e+009,,,
30,FOB-MANGALURU,7,"DR.T.C.POORNIMA,DD",9.84532e+009,,,
119,FOB-TEZU,20,"SHRI P. SONOWAL, TA",9.42607e+009,,,
118,FOB-BOMDILA,20,"SHRI RAMA KAMSA, FPA",6.90945e+009,,,
117,FOB-PASIGHAT,20,"SHRI MIHIR JHA, FPA",9.43609e+009,,,
104,FOB-KOHIMA,18,"SHRI PUSHBOZO SOPHIE, FEO",9.07764e+009,,,
90,FOB-AMRITSAR,16,"SHRI GURMEET SINGH, FPO",9.65401e+009,,,
89,FOB-JALANDHAR,16,"SHRI RAJESH CHANDAR BALI, FPO",9.41781e+009,,,
88,FOB-HISSAR,16,"SHRI DAULAT RAM, FPA",9.88209e+009,,,
87,FOB-NARNAUL,16,"SHRI RAJESH ARORA, TA",9.89686e+009,,,
155,FOB-TRICHUR,15,,,,,
76,FOB-GAYA,13,"BALAND IQBAL, TA",6.20511e+009,,,
150,FOB-MYSORE,24,,,,,
75,FOB-CHAPRA,13,"PAWAN PRANAV, FPO",8.75756e+009,,,
74,FOB-MUNGER,13,"S.K.JHA, FPA",9.70893e+009,,,
73,FOB-BHAGALPUR,13,"ABHISHEK, FPO",6.20135e+009,,,
72,FOB-DARBHANGA,13,"MANISH, FPO",9.57256e+009,,,
71,FOB-SITAMARHI,13,"JAWED AKHTAR, FPO",9.91102e+009,,,
135,FOB-MANDSAUR,22,"D.S. PARMAR, TA",9.42488e+009,,,
17,FOB-VISHAKHAPATNAM,5,"M.S MAHESH, AD",9.986e+009,,,
16,FOB-KAKINADA,5,"SHAFFI MOHAMMAD,FPO",9.91228e+009,,,
19,FOB-NELLORE,5,"B. TARAKA PRASAD, AD",9.84992e+009,,,
15,FOB-GUNTUR,5,"T.PRABHAKAR RAO,TA",9.70481e+009,,,
14,FOB- KADAPA,5,"M.SIVA HARI NAIK,AD",8.98551e+009,,,
65,FOB-VARANSHI,10,"DR.LALJI,FPO",9.45054e+009,,,
64,FOB-MORADABAD,10,"SHRI DEEPAK SHARMA, FPO",9.76004e+009,,,
63,FOB-MEERUT,10,"SHRI SHIVANAND PANDEY, FPO",9.81826e+009,,,
62,FOB-MAINPURI,10,"SHRI JAI KISHAN PARIHAR,FPO",9.75909e+009,,,
20,FOB-SRIKAKULAM,5,M.S MAHESH (I/C),9.986e+009,,,
61,FOB-JHASI,10,"SHRI K.VIVEKANAND RAJESH, FPO",9.99914e+009,,,
60,FOB-GORAKHPUR,10,"DR.NARSINGH RAM ,DD",8.8878e+009,,,
59,FOB-ALLAHABAD,10,"SHRI ARIF HUSSAIN RIZVI, DD",9.83907e+009,,,
58,FOB-BAREILLY,10,"SHRI UDAY SINGH,TA",9.62779e+009,,,
27,FOB-DHARWAD,7,"G.D HALLIKERI,DD",9.65051e+009,,,
6,FOB-RAIGANJ,2,"BIRAJ NARAYAN ROY, FPO",7.05959e+009,,,
57,FOB-BANDA,10,"SHRI GAURAV TRIPATHI,FPO",9.83912e+009,,,
5,FOB-MALDA,2,"KALYAN LAHA, FPO",9.08823e+009,,,
56,FOB-AZAMGARAH,10,"SHRI TARIQUE AZEEZ,FPO",9.95608e+009,,,
18,FOB-KURNOOL,5,M.SHIVA HARI NAIK(I/C),8.98551e+009,,,
4,FOB-JALPAIGURI,2,"PREM SHARMA, TA",9.93239e+009,,,
55,FOB-ALIGARH,10,"SHRI NEERAJ KUMAR, FPO",9.91156e+009,,,
54,FOB-AGRA,10,"SHRI MAN MOHAN GUPTA,SR.A.O",9.31941e+009,,,
53,ROB-LUCKNOW,10,"SHRI SUNIL KUMAR SHUKLA,JD",9.41565e+009,,,
145,FOB-KANKER,23,"KUMARI SHWETA SHARMA, FPA",7.99948e+009,,,
144,FOB-JAGDALPUR,23,"K.S. DIWAN, FPA",6.26101e+009,,,
143,FOB-DURG,23,"PRADEEP KUMAR, TA",7.98739e+009,,,
142,FOB-BILASPUR,23,"DR. PREM KUMAR, FPO",9.37211e+009,,,
128,FOB-UDAIPUR,21,"RAMESWAR LAL MEENA, AD",9.41478e+009,,,
141,FOB-BALAGHAT,23,"B.S. DHRUW, FPA",9.42552e+009,,,
127,FOB-SIROHI,21,"FULCHAD GAHLOT, FPA",9.92884e+008,,,
140,FOB-AMBIKAPUR,23,"HIMANSU SONI, FPA",7.98709e+009,,,
126,FOB-SWAIMADHOPUR,21,"VAKAS NAPA, FPO",7.28909e+009,,,
153,FOB-KAVARATI,15,,,,,
125,FOB-KOTA,21,"ANURAG VOJPAYEE, AD",9.46202e+009,,,
124,FOB-JODHPUR,21,"KHEMRAJ SONI, FPO",9.41437e+009,,,
123,FOB-DURANGPUR,21,"NARESH KUMAR, FPA",9.78516e+009,,,
122,FOB-ALMER,21,"B.B. BHARGAVA, FPA",7.89753e+009,,,
148,FOB-MANGLORE,24,,,,,
32,FOB-VIJAYAPURA,7,"G. THUKARAM GOWDA,FPO",9.4482e+009,,,
109,FOB-TAMENGLONG,18,"SHRI DIRAI PAME, FPA",9.40221e+009,,,
108,FOB-CHANDEL,18,MATHEW,8.78785e+009,,,
107,FOB-SENAPATI,18,MS. URMILA,8.414e+009,,,
106,FOB-AIZWAL,18,"DR. IBOMCHA SINGH, FEO",9.40268e+009,,,
95,FOB-SHIMLA,16,"SHRI ANIL SUTT SHARMA, FEO",7.08553e+009,,,
105,FOB-TUENSANG,18,"SHRI PUSHBOZO SOPHIE, FEO",9.07764e+009,,,
94,FOB-MANDI,16,"SHRI RAJBIR SINGH, FEO",9.41642e+009,,,
93,FOB-HAMIRPUR,16,"SHRI SURJIT SINGH, FPA",9.41859e+009,,,
92,FOB-CHAMBA,16,"SHRI BALMANT, FPA",7.01815e+009,,,
80,FOB-DUMKA,14,"SHAHID RAHMAN,FPO",9.54643e+009,,,
79,FOB-GUMLA,14,"MAHVEESH RAHMAN, FPO",7.20937e+009,,,
78,FOB-DALTENGANJ,14,"GAURAV PUSHKAR, FPO",9.83596e+009,,,
77,FOB-DHANBAD,14,"OMKAR PANDAY, FPO",9.91137e+009,,,
156,FOB-CANNANORE,15,,,,,
24,FOB-JUNAGADH,6,"D.B TRIVEDI, FPA",9.82427e+009,,,
23,FOB-PALANPUR,6,"J.D CHAUDHARI, FPA",9.89812e+009,,,
22,FOB-SURAT,6,"K.R MAHESHWARI ,FPA",9.9798e+009,,,
25,FOB-BHUJ,6,"D.B. TRIVEDI, FPA",9.82427e+009,,,
21,FOB-GODHRA,6,"SANJAY SHAH, FPA",9.42718e+009,,,
10,FOB-MIDNAPUR,3,"SUDIPTA BISWAS,FPO",9.83012e+009,,,
9,FOB-CHINSURAH,3,"SANDIPON DASGUPTA, FPO",9.3312e+009,,,
8,FOB-BARDHMAN,3,"MS. SUJATA MITRA, AD",9.74863e+009,,,
7,FOB- BANKURA,3,"RAMA MANDAL, FPO",9.83019e+009,,,
146,FOB-BIJAPUR,24,,,,,
134,FOB-SAGAR,22,"A.P. UPADHYAY, FPO",9.8932e+009,,,
133,FOB-CHHATARPUR,22,"S.K. SAHU, FPA",9.42439e+009,,,
129,FOB-INDOR,22,"MADHUKAR PAWAR, AD",9.42507e+009,,,
29,FOB-MYSURU,7,"DR.T.C.POORNIMA,DD",9.84532e+009,,,
132,FOB-CHHIDWARA,22,"D.S. PRAJAPATI, FPA",9.92632e+009,,,
28,FOB-KALABURAGI,7,"G.D HALLIKERI,DD",9.65051e+009,,,
131,FOB-GWALIOR,22,"D.S. PARMAR, TA",9.42488e+009,,,
130,FOB-JABALPUR,22,"SMT. VERSHA SHUKLA PATHAK, AD",9.42507e+009,,,
43,FOB-WARDHA,8,"B.P. RAMTEKE, TA",9.16826e+009,,,
42,FOB-SOLAPUR,8,"A.R. CHAVAN, FPO",9.85004e+009,,,
41,FOB-PANAJI,8,"RIYAS BABU, FPO",8.9433e+009,,,
40,FOB-NASHIK,8,"PARAJ MANDLE, FPO",8.485e+009,,,
39,FOB-NANDED,8,"M.B. JAYBHAYE, FPA",9.42321e+009,,,
38,FOB-NAGPUR,8,"SMT. MEENA JAITLY, AD",9.42248e+009,,,
37,FOB-KOLHAPUR,8,"HANSRAJ RAUT, FPO",9.40408e+009,,,
116,FOB-PHULBANI,19,"SHRI SATYA NARAYAN NANDA, FPA",9.43731e+009,,,
154,FOB-PALGHAT,15,,,,,
36,FOB-JALGAON,8,"U.T KOLHE, FPA",7.79808e+009,,,
115,FOB-KEONJHHAR,19,"SHRI PRAKASH DASH, AD",8.24928e+009,,,
35,FOB-AURANGABAD,8,"NIKHIL DESHMUKH, AD",7.70926e+009,,,
114,FOB-BHAWANIOARNA,19,"SHRI MAHENDRA PRASAD JENA, FEO",8.24979e+009,,,
34,FOB-AMRAVATI,8,"INDRAVASANSINGH JHALA,FPO",9.68773e+009,,,
103,FOB-UDHAMPUR,17,"SHRI KHURSHEED YOUSAF, FPO",9.62283e+009,,,
113,FOB-BALASORE,19,"SHRI NIRMALYA BEHERA,FPO",9.93719e+009,,,
33,FOB-AHMEDNAGAR,8,"P. PHANIKUMAR, FPA",7.72083e+009,,,
102,FOB-SRINAGAR,17,"SHRI MOHD IQBAL KHAN, FPA",8.82505e+009,,,
112,FOB-BERHAMPUR,19,"SHRI MANMOHAN PADHY, FPO",9.43825e+009,,,
101,FOB-RAJUARI,17,"SHRI GURNAM SINGH, TA",9.59618e+009,,,
111,FOB-SAMBALPUR,19,"SHRI RAMECWAR NAIK, AD",7.75088e+009,,,
100,FOB-LEH,17,"SHRI ADIL SHAMIM ANDRABI, FEO",9.59933e+009,,,
110,FOB-JEYPORE,19,"SHRI J.K. PRADHAN, AD",9.43727e+009,,,
99,FOB-KATHUA,17,"SHRI VAJAY MATTO, FPA",9.59666e+009,,,
98,FOB-KANGAN,17,"SHIKANDER, FPA",9.90614e+009,,,
97,FOB-DODA,17,"SHRI RAJESH SHARMA, FPA",7.00606e+009,,,
86,FOB-KANNUR,15,"SHRI BIJU K. MATHEW, FPO",8.92197e+009,,,
96,FOB-ANANTNAG,17,"SHRI SAHID LOAN, FPO",9.62255e+009,,,
85,FOB-WAYNAD,15,"SHRI PRAJITH KUMAR. M.V, FPO",9.44689e+009,,,
149,FOB-SHIMOGA,24,,,,,
84,FOB-PALAKKAD,15,"SMT.M. SMITHY, FPO",9.44741e+009,,,
83,FOB-THRISSUR,15,"SHRI GEROGE MATHEW, AD",9.44739e+009,,,
82,FOB-ERNAKULAM,15,"SHRI.L.C.PONNUMON,FPO",9.44744e+009,,,
81,FOB-KOTTAYAM,15,"SMT.SUDHA K. NAMBOOTHIRY, AD",9.44636e+009,,,
91,FOB-PATHANKOT,16,"SHRI RAJESH CHANDAR BALI, FPO",9.41781e+009,,,
70,FOB-SILCHAR,12,NO INCUMBENT,0,,,
69,FOB-DIBRUGARAH,12,SHRIDEBOJIT KOTOKY,9.43503e+009,,,
68,FOB-DIPHU,12,"SHRI JAYANTA KALITA, FPA",7.00275e+009,,,
26,FOB-BELLARY,7,"G.D HALLIKERI,DD",9.65051e+009,,,
67,FOB-TEZPUR,12,"SHRI SARANGAPANI BORAH, FPA",9.95718e+009,,,
66,FOB-BARPETA,12,SMT SUCHARITA SHAHOO,9.93773e+009,,,
13,FOB-WARANGAL,4,"S.SRIDHAR,FPO",9.96359e+009,,,
151,FOB-HISAR,16,,,,,
12,FOB-NIZAMABAD,4,"K.SREENIVASA RAO,FPO",9.44035e+009,,,
11,FOB-NALGONDA,4,"G.KOTAESWARA,FPO",9.49441e+009,,,
152,FOB-DUNGARPUR,24,,,,,
3,FOB-PITHORAGARHL,1,"GOPAL SINGH, PFA",8.17172e+009,,,
2,FOB-PAURI,1,"LEELADHAR PANDAY,FPA",8.05757e+009,,,
1,FOB-NANITAL,1,"RAJESH SINHA, FPO",8.70959e+009,,,
52,FOB-THANJAVUR,9,"SHRI ANANDHA PRABU,FPO",9.04287e+009,,,
51,FOB-DHARMAPURI,9,"SHRI.VEERAMANI,FPA",8.0565e+009,,,
50,FOB-RAMANATHAPURAI,9,"SHRE M.JAYA GANESH, FPO",9.8847e+009,,,
49,FOB- PUDUCHERRY,9,"SHRI T.SVAKUMAR,AD",9.44331e+009,,,
,,,,,,,
,,,,,,,
,,,,,,,
,,,,,,,
,,,,,,,
,,,,,,,
,,,,,,,
,,,,,,,
,,,,,,,
,,,,,,,
,,,fob_details,,,,
